source_dataset,row_index,file,failure_mode,true_label,RotationSpeed,CWT_DominantScale,CWT_EnergyEntropy,CWT_MaxScaleEnergy,CWT_MinScaleEnergy,CWT_TotalEnergy,ClearanceFactor,CrestFactor,FFT_DominantFreq,FFT_FrequencyBandwidth,FFT_SpectralCentroid,FFT_SpectralFlatness,FFT_SpectralSpread,ImpulseFactor,MaxForceBelow3mm,Mean,MinPositionStage3,PeakValue,PlungeVelocity,RMS,ShapeFactor,StandardDeviation,model_predicted_class,model_probability_class1,loocv_held_out_prediction,loocv_held_out_correct
data_processed/WSU_TM_Ans_Dat_full_3.csv,0,l036.fsj,NP,0,1400.0,32.0,0.3030309523917142,11442.642570394532,2.0093169230444667,12299.003779797204,1.423746622239299,1.4078628349101576,0.2058805311727759,0.2058805311727759,4.457299062028671,0.0116296207447094,17.960843586054835,1.41809595688217,14.513,13.434210786331825,2.12,19.051,0.6684491978609628,13.531858024518227,1.0072685504001286,1.623036241904658,0,0.0,0,True
data_processed/WSU_TM_Ans_Dat_full_3.csv,1,l037.fsj,NP,0,1400.0,32.0,0.3226183142007958,11506.93823207604,2.144978628967323,12453.447673396762,1.4282370628083,1.410998258785769,0.2409050263554217,0.2409050263554217,4.646936294384643,0.0101718871751448,19.74532575189229,1.422164278941343,14.541,13.352887764932564,2.17,18.99,0.9328358208955224,13.458556650765676,1.0079135605490988,1.683597584183794,0,0.0,0,True
data_processed/WSU_TM_Ans_Dat_full_3.csv,2,l041.fsj,IF,1,1800.0,32.0,0.3074887415785159,11196.432054467632,2.0256498361505777,12050.262310544897,1.4369469663609662,1.419432159721668,0.4934629118336625,0.2467314559168312,5.692215444175839,0.0125526015339743,22.269149512135183,1.430767708760904,14.509,13.349476566354218,2.19,19.1,1.1520737327188937,13.45608514586936,1.0079859745050856,1.6908912951407244,1,1.0,0,False
data_processed/WSU_TM_Ans_Dat_full_3.csv,3,l042.fsj,IF,1,1800.0,32.0,0.3232379791478125,11356.614351531807,2.10549276239378,12295.389782054,1.4265822869021865,1.409441276764369,0.2470973453719723,0.2470973453719723,5.023382876112891,0.0111184757125377,21.12403475608193,1.4205386368225257,14.52,13.36535276679842,2.21,18.986,1.173708920187793,13.470586049236369,1.0078735880955842,1.68090151177896,1,1.0,1,True
data_processed/WSU_TM_Ans_Dat_full_3.csv,4,l043.fsj,IF,1,1400.0,32.0,0.7257893562683204,6435.927308007049,4.751385094373369,8465.645986183825,1.1409555103293767,1.12544827327593,0.7472016886210763,0.3736008443105382,2.599866224222453,0.0014405132116378,12.718775993381062,1.1355632116290788,14.507,12.832398805078416,2.34,14.572,1.1627906976744182,12.947729670048846,1.0089874751184311,1.724954107194398,1,1.0,1,True
data_processed/WSU_TM_Ans_Dat_full_3.csv,5,l044.fsj,IF,1,1400.0,32.0,0.3295341196187473,11133.595808984204,2.122545926150493,12079.157336365102,1.421222418392584,1.4042583340464556,0.4949286432549503,0.2474643216274751,4.915649373662273,0.0107939086031981,20.91844372715293,1.4152494656170167,14.519,13.382093023255814,2.22,18.939,1.1737089201877942,13.48683468050079,1.007827001132256,1.6780015589791475,1,1.0,1,True
data_processed/WSU_TM_Ans_Dat_full_3.csv,6,l045.fsj,IF,1,1400.0,32.0,1.3017605209752894,38959.333106467,258.03620997363123,105253.50567718354,2.2574896783416687,2.203664004746367,0.7324218750000001,0.3662109375000001,134.92152415051245,0.2270038445234656,154.42264826323367,2.2401342620258524,29.511,13.686900439238654,2.31,31.043,1.1627906976744182,14.086993268092575,1.0165498266527628,3.334707852332804,1,1.0,1,True
data_processed/WSU_TM_Ans_Dat_full_3.csv,7,l046.fsj,IF,1,1400.0,32.0,0.7487933611336746,7022.648614017884,5.410872663484062,9415.532988160048,1.160171725422046,1.1451644626833906,1.4818515702198614,0.987901046813241,6.445162023528369,0.0040930937339974,33.43630747004367,1.1550392665385678,14.701,12.727705824284303,2.53,14.701,1.2886597938144333,12.837457395029608,1.0086230442674042,1.6758846517419703,1,1.0,1,True
data_processed/WSU_TM_Ans_Dat_full_3.csv,8,l047.fsj,IF,1,1400.0,32.0,0.3181262737964681,11246.491112604646,2.0778631539333645,12151.766455555937,1.4494160763766009,1.4299575359615952,0.5929750055604982,0.2964875027802491,6.869886099970519,0.0124189790153649,26.668497054102296,1.442605516791854,14.649,13.326581505631298,2.41,19.225,1.2315270935960587,13.44445517892381,1.0088450044929154,1.7769277084300148,1,1.0,1,True
data_processed/WSU_TM_Ans_Dat_full_3.csv,9,l049.fsj,NP,0,1800.0,32.0,0.744856738057471,21326.017603404485,16.74996799875928,28415.13256496945,1.000217531972836,1.000217528277179,36.073665028994846,29.56413148992811,65.86322438803116,0.1099341629309998,89.48776359270563,1.0002175307409478,-23.464,-23.46889479392625,1.77,23.474,0.6281407035175884,23.46889485173561,1.0000000024632332,0.0016477001880687,0,0.0,0,True
data_processed/WSU_TM_Ans_Dat_full_3.csv,10,l050.fsj,NP,0,1800.0,32.0,0.3023979631810051,10902.348922038324,1.8336857552351185,11722.588207512732,1.44444545648763,1.4253318446299668,0.1253140961863875,0.1253140961863875,1.313303546101364,0.0049684719320768,7.520518483713765,1.4376534749667336,14.311,13.193721804511275,1.74,18.968,0.6410256410256415,13.307778165108154,1.008644744999692,1.73879912205655,0,0.0,0,True
data_processed/WSU_TM_Ans_Dat_full_3.csv,11,l051.fsj,NP,0,1800.0,32.0,0.3062719778427535,10977.434778263818,1.866851043552004,11819.205378407723,1.4415843394548258,1.4217142212436058,0.1253140961863875,0.1253140961863875,1.211616652333951,0.0045661174072006,7.222113201259733,1.434513560715724,14.284,13.159861654135335,1.83,18.878,0.6443298969072166,13.278336614996356,1.0090027512427373,1.7700422962933984,0,0.0,0,True
data_processed/WSU_TM_Ans_Dat_full_3.csv,12,l052.fsj,NP,0,1400.0,32.0,0.7546567979699355,6829.43293501546,5.401661093876883,9185.506887020743,1.2301695575145415,1.214957934439736,0.1789752702067669,0.0,1.1370427289770488,0.0019164119962251,8.259586368344564,1.2248856617136468,15.182,13.210212598425198,2.12,16.181,0.5995203836930458,13.318156572607332,1.0081712518536607,1.69251377139164,0,0.0,0,True
data_processed/WSU_TM_Ans_Dat_full_3.csv,13,l055.fsj,IF,1,1600.0,32.0,0.7448820792069665,21208.942868042872,16.658711008324538,28260.49618056855,1.000201888057308,1.0002018852863197,63.94834776182433,165.72529560810813,253.6991456534565,0.1336751655695852,336.6561664275777,1.0002018871336418,-23.398,-23.40327517985611,2.36,23.408,1.0683760683760684,23.40327522308077,1.0000000018469493,0.0014236721216403,1,1.0,1,True
data_processed/WSU_TM_Ans_Dat_full_3.csv,14,l056.fsj,IF,1,1600.0,32.0,0.7454302487024611,6468.877213460338,5.099799422701171,8624.637453010377,1.1378559244924902,1.1247506119578508,0.7884509931979494,0.3942254965989747,2.822814014192254,0.0014629361434293,13.79350729520816,1.1333217855181836,14.964,13.252193853427896,2.42,15.019,1.1013215859030845,13.353182332442978,1.0076205102439668,1.6398034732386289,1,1.0,1,True
data_processed/WSU_TM_Ans_Dat_full_3.csv,15,l057.fsj,IF,1,1600.0,32.0,0.3766757711277073,12360.739592266302,2.6218119991712188,13652.336659297607,1.4252117144370702,1.4095991310564282,0.5166696947674418,0.2583348473837209,4.005493430046241,0.0066115159177689,17.673967054385358,1.419746962270267,14.594,13.461553719008265,2.4,19.112,1.1520737327188937,13.558464657733191,1.0071990901457448,1.6186069916737682,1,1.0,1,True
data_processed/WSU_TM_Ans_Dat_full_3.csv,16,l058.fsj,NP,0,1600.0,16.0,0.9781803582697244,10945.222578298448,14.741402509642274,22582.77944829293,2.002357552444864,1.9614190371626736,0.1649217847863741,0.0,4.898970388143697,0.0099809188971172,19.20260944831232,1.9885159487280564,17.316,13.00065006596306,2.03,25.852,0.6281407035175878,13.180253433961097,1.013814952874415,2.1688083843188597,0,0.0,0,True
data_processed/WSU_TM_Ans_Dat_full_3.csv,17,l059.fsj,NP,0,1600.0,32.0,0.7497113408830554,21475.507769653806,16.985658895684665,28736.95120441447,1.099566901604751,1.099531026715092,0.8354505788649027,53.19035352106548,62.7192380915897,0.1230208699680213,85.6347170031861,1.0995553202402768,-23.397,-23.41128229398664,1.95,25.742,0.6410256410256409,23.41179955322008,1.0000220944426257,0.1556700493892505,0,0.0,0,True
data_processed/WSU_TM_Ans_Dat_full_3.csv,18,l060.fsj,NP,0,1600.0,32.0,0.7448333662627423,21212.017755479443,16.662351452658193,28262.30332541494,1.000208942801846,1.0002089388175046,24.548781220487044,33.18131967164732,62.759101829845264,0.1122904395041666,88.08167294667354,1.000208941473735,-23.401,-23.406109492988136,1.86,23.411,0.6265664160401002,23.406109555147165,1.0000000026556757,0.0017062743999129,0,0.0,0,True
data_processed/WSU_TM_Ans_Dat_full_3.csv,19,l061.fsj,NP,0,1800.0,32.0,0.3152521485464422,11510.183738736365,2.049506071232809,12428.724542143253,1.4480731198509231,1.4286499222407534,0.5126953125,0.25634765625,4.960873127233626,0.0101181191604392,20.88868826836645,1.4412306522830045,14.34,13.072855458739108,2.16,18.841,1.2886597938144333,13.187975379195066,1.0088060271774062,1.7391650547935518,0,0.0,0,True
data_processed/WSU_TM_Ans_Dat_full_3.csv,20,l063.fsj,NP,0,1800.0,32.0,0.3186843761902963,11631.683346606564,2.0935870497351847,12575.00003511564,1.4422748659022302,1.422148884933098,0.5508296745867768,0.2754148372933884,5.199007503901312,0.0098392264663178,22.212769233413308,1.4352074123147955,14.416,13.118661343612336,2.18,18.828,1.5723270440251569,13.23912017895772,1.0091822505505896,1.782351534079006,0,0.0,0,True
data_processed/WSU_TM_Ans_Dat_full_3.csv,21,l065.fsj,NP,0,1400.0,32.0,0.3382188124391959,11004.640727087832,1.9637864175258943,11992.000156715212,1.4511099699770973,1.430224400037576,0.12537695753386,0.12537695753386,1.0335419257010103,0.0032499486282331,6.261824206923497,1.4436793008471915,14.077,12.872664994984955,2.17,18.584,0.6345177664974617,12.993765173850862,1.009407545283986,1.7700889753896305,0,0.0,0,True
data_processed/WSU_TM_Ans_Dat_full_3.csv,22,l066.fsj,NP,0,1400.0,32.0,0.2902663244473165,10253.17133993652,1.6692023482314255,10977.540557703762,1.4581476756134089,1.4367562925649304,0.1252826891447368,0.1252826891447368,1.3542614947799545,0.0052152272460012,7.588373425182629,1.4505134172384702,13.913,12.752725883237284,2.08,18.498,0.6361323155216281,12.87483485941582,1.0095751274901188,1.7692200269577936,0,0.0,0,True
data_processed/WSU_TM_Ans_Dat_full_3.csv,23,l067.fsj,NP,0,1400.0,32.0,0.3108432680307725,10529.64726008872,1.721756054514947,11362.603710687748,1.4583157268892746,1.436550640449736,0.1253455189788114,0.1253455189788114,1.1612217412844168,0.0041156346572387,6.866633162804469,1.4505543286473015,13.745,12.580018300325897,2.14,18.248,0.6345177664974617,12.702650004936244,1.009748134039453,1.7610321285796258,0,0.0,0,True
data_processed/WSU_TM_Ans_Dat_full_3.csv,24,l068.fsj,IF,1,1600.0,32.0,0.3467903403015697,11402.69433412679,2.113810641253428,12463.101535528776,1.4409044054146305,1.4217317371052185,0.247955322265625,0.247955322265625,3.7570707293119865,0.0067048761184564,17.053382685014476,1.4341433391294836,13.854,12.76441447694596,2.34,18.306,1.1792452830188682,12.875846773507895,1.0087299183807603,1.690730739731919,1,1.0,1,True
data_processed/WSU_TM_Ans_Dat_full_3.csv,25,l069.fsj,IF,1,1600.0,32.0,0.738561437987457,5477.035107718695,4.218756578847521,7265.720759583132,1.1452876954639288,1.1275454159713016,0.7239361762309919,0.3619680881154961,2.3649500409732176,0.0014032063082906,11.65875920514947,1.1391225154039353,13.974,12.267337192474674,2.4,13.974,1.1415525114155247,12.393292369480632,1.0102675238342047,1.7630607344662257,1,1.0,1,True
data_processed/WSU_TM_Ans_Dat_full_3.csv,26,l070.fsj,IF,1,1600.0,32.0,0.3271677623174555,11032.79191689232,1.965596954476018,11969.296924524757,1.4357754582555105,1.4171925735929685,0.2478323895327218,0.2478323895327218,4.404402566927888,0.0092145151870191,19.57962581171915,1.429218339909499,13.99,12.878368186323092,2.31,18.406,1.173708920187793,12.987649203760492,1.0084856261178692,1.6816854990509302,1,1.0,1,True
data_processed/WSU_TM_Ans_Dat_full_3.csv,27,l071.fsj,IF,1,1800.0,32.0,0.3181758804436181,11432.882272827022,2.043226166892921,12358.726610194622,1.452149266890559,1.432104050886455,0.6008148193359375,0.3004074096679687,6.282162352888513,0.010903831287782,25.47865097156622,1.445128425386324,14.271,12.968397597597596,2.42,18.741,1.582278481012657,13.086339633212788,1.009094572766418,1.753509472579751,1,1.0,1,True
data_processed/WSU_TM_Ans_Dat_full_3.csv,28,l072.fsj,IF,1,1800.0,32.0,0.3085650057208869,10859.863781567205,1.933542913207068,11695.415210960491,1.4549161259538668,1.4343410926629143,0.5997335689112178,0.2998667844556089,7.100544920296908,0.0128244625497557,27.30952521982121,1.4476811881862293,14.209,12.942766786570743,2.39,18.737,1.6233766233766245,13.063141044933722,1.0093005043162702,1.7698360821885235,1,1.0,1,True
data_processed/WSU_TM_Ans_Dat_full_3.csv,29,l073.fsj,IF,1,1800.0,32.0,0.3200461182136344,11205.857547381283,2.0115917593076538,12121.773960501056,1.4589570104002898,1.43894148292701,0.6004539695945945,0.3002269847972972,6.54745466221759,0.0114622320917601,26.01527800955781,1.4519489762450954,14.236,12.920564225690276,2.39,18.76,1.6129032258064513,13.03736129827845,1.0090396263311738,1.7417320742281537,1,1.0,1,True
data_processed/WSU_TM_Ans_Dat_full_3.csv,30,l074.fsj,IF,1,1600.0,32.0,0.3412214967550674,12184.464130386186,2.2552472580678,13287.662764315295,1.430011973856089,1.4120308427578463,0.5366376056763285,0.2683188028381642,4.529509413695708,0.0081604686132051,20.20512379375952,1.4236992320018569,14.459,13.211357832618026,2.33,18.809,1.1013215859030832,13.320530565227614,1.0082635512558782,1.702384662650393,1,1.0,1,True
data_processed/WSU_TM_Ans_Dat_full_3.csv,31,l075.fsj,IF,1,1600.0,32.0,0.3173294267498964,11504.2922381327,2.04826944810405,12432.226468535611,1.4520441035406857,1.4321637179780689,0.5762281610230547,0.2881140805115273,5.77230997287222,0.0105069776306226,23.99784024549417,1.4450767531221431,14.276,12.96401728110599,2.33,18.734,1.4705882352941164,13.080906718156982,1.009016451807832,1.745316930581324,1,1.0,1,True
data_processed/WSU_TM_Ans_Dat_full_3.csv,32,l076.fsj,IF,1,1600.0,32.0,0.3204873213593048,11302.377157183835,1.9868781560570608,12231.95757981523,1.4549997796186518,1.4350611101007889,0.5578994750976562,0.2789497375488281,5.491067460853934,0.0103794864237724,23.159277748982337,1.4479948410987618,14.116,12.887476854433912,2.33,18.661,1.3368983957219247,13.00362741952458,1.0090126691518135,1.7346309562241164,1,1.0,1,True
data_processed/WSU_TM_Ans_Dat_full_3.csv,33,l080.fsj,NP,0,1800.0,32.0,0.355123220284783,11728.222964691637,2.183000228840711,12862.871818624792,1.4442596363677165,1.4234621831197285,0.1254084118633968,0.1254084118633968,0.914404281566795,0.0022776535164416,5.623798970409846,1.4368428151066888,14.308,13.093986205166791,2.06,18.814,0.6544502617801052,13.21707048006455,1.0094000614457033,1.7998027105350447,0,0.0,0,True
data_processed/WSU_TM_Ans_Dat_full_3.csv,34,l081.fsj,NP,0,1800.0,32.0,0.7339055939479933,5220.462764231483,3.952701352044176,6905.214877414729,1.1317081558216675,1.1121499418872642,0.1550009084302325,0.0,0.6068460287809754,0.0010585991893986,4.149150596004906,1.1247407663496738,13.715,12.280163050216986,2.15,13.812,0.639386189258312,12.419188708099654,1.0113211573261816,1.8533505834540127,0,0.0,0,True
data_processed/WSU_TM_Ans_Dat_full_3.csv,35,l082.fsj,NP,0,1800.0,32.0,0.7360347814143611,5090.206017366473,3.891431622724413,6740.795563649459,1.130123427191806,1.1103893672397342,0.1539507020903911,0.0,0.6192215915783723,0.0011710415308216,4.267773439118091,1.1230787667422586,13.788,12.347308497536943,2.0,13.867,0.6510416666666661,12.488412091401178,1.0114278827561798,1.872295037483933,0,0.0,0,True
data_processed/WSU_TM_Ans_Dat_full_3.csv,36,l084.fsj,NP,0,1600.0,32.0,0.3203418360462392,11425.049567899145,2.0342278710001622,12361.33117924306,1.4385845363944778,1.4206432939034583,0.2373589409722222,0.2373589409722222,4.298125180254427,0.0094657459338171,18.90065274302672,1.4322541133991045,14.174,13.067513526340768,2.17,18.716,1.1737089201877942,13.174313411619758,1.0081729309147995,1.6745013846404038,0,0.0,0,True
data_processed/WSU_TM_Ans_Dat_full_3.csv,37,l085.fsj,NP,0,1600.0,32.0,0.3483644565902928,11454.336156324784,2.1601062083910767,12524.265427717002,1.4455966171947576,1.4268024573740947,0.2335878176109813,0.2335878176109813,3.359271045433337,0.0064919315697919,15.787090558749512,1.438993575265204,14.087,12.888869219990658,2.22,18.547,1.1792452830188682,12.998996395152089,1.008544362836006,1.6888723262255396,0,0.0,1,False
